{"cameraMode":{"drawMode":0,"name":"Shaded","section":"Shading Mode"},"sceneLighting":false,"audioPlay":false,"sceneViewState":{"showFog":true,"showMaterialUpdate":false,"showSkybox":false,"showFlares":true,"showImageEffects":true,"showParticleSystems":true,"showVisualEffectGraphs":true},"in2DMode":false,"pivot":{"x":-42.599998474121097,"y":-0.057353973388671878,"z":-3.5762786865234377e-7},"rotation":{"x":0.14233191311359406,"y":0.004452088847756386,"z":-0.0006231469451449811,"w":0.9898643493652344},"size":12.215703010559082,"orthographic":false}