{"cameraMode":{"drawMode":0,"name":"Shaded","section":"Shading Mode"},"sceneLighting":false,"audioPlay":false,"sceneViewState":{"showFog":true,"showMaterialUpdate":false,"showSkybox":false,"showFlares":true,"showImageEffects":true,"showParticleSystems":true,"showVisualEffectGraphs":true},"in2DMode":false,"pivot":{"x":31.906158447265626,"y":-6.401912689208984,"z":-2.0998384952545168},"rotation":{"x":-0.21314173936843873,"y":0.6594436168670654,"z":-0.20308822393417359,"w":-0.6918248534202576},"size":1.28700590133667,"orthographic":false}