{"cameraMode":{"drawMode":0,"name":"Shaded","section":"Shading Mode"},"sceneLighting":true,"audioPlay":false,"sceneViewState":{"showFog":true,"showMaterialUpdate":false,"showSkybox":true,"showFlares":true,"showImageEffects":true,"showParticleSystems":true,"showVisualEffectGraphs":true},"in2DMode":false,"pivot":{"x":44.66184616088867,"y":-0.47075605392456057,"z":-8.937368392944336},"rotation":{"x":0.001324959914200008,"y":0.977635383605957,"z":-0.21022586524486543,"w":0.006160195916891098},"size":31.40678596496582,"orthographic":false}