{"cameraMode":{"drawMode":0,"name":"Shaded","section":"Shading Mode"},"sceneLighting":true,"audioPlay":false,"sceneViewState":{"showFog":true,"showMaterialUpdate":false,"showSkybox":true,"showFlares":true,"showImageEffects":true,"showParticleSystems":true,"showVisualEffectGraphs":true},"in2DMode":false,"pivot":{"x":187.27978515625,"y":15.192015647888184,"z":-25.7045955657959},"rotation":{"x":-0.1657932549715042,"y":-0.05765007436275482,"z":0.00946670863777399,"w":-0.9845892190933228},"size":2.264279842376709,"orthographic":false}