{"cameraMode":{"drawMode":0,"name":"Shaded","section":"Shading Mode"},"sceneLighting":true,"audioPlay":false,"sceneViewState":{"showFog":true,"showMaterialUpdate":false,"showSkybox":true,"showFlares":true,"showImageEffects":true,"showParticleSystems":true,"showVisualEffectGraphs":true},"in2DMode":false,"pivot":{"x":23.195791244506837,"y":7.4501776695251469,"z":-22.29683494567871},"rotation":{"x":-0.025225890800356866,"y":-0.3302406668663025,"z":-0.008720268495380879,"w":0.943627119064331},"size":1.28700590133667,"orthographic":false}