{"cameraMode":{"drawMode":0,"name":"Shaded","section":"Shading Mode"},"sceneLighting":true,"audioPlay":false,"sceneViewState":{"showFog":true,"showMaterialUpdate":false,"showSkybox":true,"showFlares":true,"showImageEffects":true,"showParticleSystems":true,"showVisualEffectGraphs":true},"in2DMode":false,"pivot":{"x":-42.46391296386719,"y":5.607936859130859,"z":-0.7654356956481934},"rotation":{"x":0.3218217194080353,"y":0.17058280110359193,"z":-0.05904265120625496,"w":0.929495632648468},"size":4.488667011260986,"orthographic":false}