{"cameraMode":{"drawMode":0,"name":"Shaded","section":"Shading Mode"},"sceneLighting":true,"audioPlay":false,"sceneViewState":{"showFog":true,"showMaterialUpdate":false,"showSkybox":true,"showFlares":true,"showImageEffects":true,"showParticleSystems":true,"showVisualEffectGraphs":true},"in2DMode":false,"pivot":{"x":-10.54690933227539,"y":2.7130496501922609,"z":-4.192142486572266},"rotation":{"x":0.056828632950782779,"y":-0.12547138333320619,"z":0.0071987975388765339,"w":0.9904972314834595},"size":4.914651870727539,"orthographic":false}