{"cameraMode":{"drawMode":0,"name":"Shaded","section":"Shading Mode"},"sceneLighting":true,"audioPlay":false,"sceneViewState":{"showFog":true,"showMaterialUpdate":false,"showSkybox":true,"showFlares":true,"showImageEffects":true,"showParticleSystems":true,"showVisualEffectGraphs":true},"in2DMode":false,"pivot":{"x":20.093791961669923,"y":10.3030366897583,"z":-34.449581146240237},"rotation":{"x":-0.0771031379699707,"y":0.4792320132255554,"z":0.042600978165864947,"w":0.873420774936676},"size":2.264279842376709,"orthographic":false}