{"cameraMode":{"drawMode":0,"name":"Shaded","section":"Shading Mode"},"sceneLighting":true,"audioPlay":false,"sceneViewState":{"showFog":true,"showMaterialUpdate":false,"showSkybox":true,"showFlares":true,"showImageEffects":true,"showParticleSystems":true,"showVisualEffectGraphs":true},"in2DMode":false,"pivot":{"x":-27.554994583129884,"y":3.922529458999634,"z":-4.113559722900391},"rotation":{"x":0.022788695991039277,"y":0.043473269790410998,"z":-0.0009929301450029016,"w":0.9988497495651245},"size":21.088565826416017,"orthographic":false}