{"cameraMode":{"drawMode":0,"name":"Shaded","section":"Shading Mode"},"sceneLighting":false,"audioPlay":false,"sceneViewState":{"showFog":true,"showMaterialUpdate":false,"showSkybox":false,"showFlares":true,"showImageEffects":true,"showParticleSystems":true,"showVisualEffectGraphs":true},"in2DMode":false,"pivot":{"x":-36.36004638671875,"y":4.236062049865723,"z":0.5000293254852295},"rotation":{"x":-0.02218860387802124,"y":-0.00750366086140275,"z":-0.00014031992759555578,"w":0.9997832775115967},"size":2.8578848838806154,"orthographic":false}