{"cameraMode":{"drawMode":0,"name":"Shaded","section":"Shading Mode"},"sceneLighting":false,"audioPlay":false,"sceneViewState":{"showFog":true,"showMaterialUpdate":false,"showSkybox":false,"showFlares":true,"showImageEffects":true,"showParticleSystems":true,"showVisualEffectGraphs":true},"in2DMode":false,"pivot":{"x":-42.58949279785156,"y":-2.2064497470855715,"z":3.3029465675354006},"rotation":{"x":-0.010190308094024659,"y":-0.000004484818418859504,"z":0.000017288046365138143,"w":0.9999915361404419},"size":7.364297389984131,"orthographic":false}