{"cameraMode":{"drawMode":0,"name":"Shaded","section":"Shading Mode"},"sceneLighting":false,"audioPlay":false,"sceneViewState":{"showFog":true,"showMaterialUpdate":false,"showSkybox":false,"showFlares":true,"showImageEffects":true,"showParticleSystems":true,"showVisualEffectGraphs":true},"in2DMode":false,"pivot":{"x":38.87786865234375,"y":-4.873460292816162,"z":-3.5762786865234377e-7},"rotation":{"x":0.06062449887394905,"y":0.13293300569057465,"z":0.00809168629348278,"w":-0.9893943071365356},"size":17.791194915771486,"orthographic":false}